Workbook

Sheet 포트폴리오 현황
A1: 증권사별 주식 포트폴리오 현황
A3: 증권사 | B3: 시장 | C3: 계좌구분 | D3: 계좌별칭 | E3: 통화 | F3: 투자원금 | G3: 현재평가금 | H3: 평가손익 | I3: 누적수익률 | J3: 현재비중 | K3: 월 입금 | L3: 월 출금 | M3: 배당금 | N3: 비고 | P3: 기준월 | Q3: 전체 평가금 | R3: 월 수익률
A4: 미래에셋 | B4: 국내 | C4: 일반 주식계좌 | D4: 미래에셋-국내 | E4: KRW | H4: =IFERROR(G4-F4,0) -> 0 | I4: =IFERROR(H4/F4,0) -> 0 | J4: =IFERROR(G4/SUM($G$4:$G$17),0) -> 0 | P4: 46296 | Q4: =SUM('월별 계좌 성과'!I4:I17) -> 0 | R4: =IFERROR(SUM('월별 계좌 성과'!J4:J17)/(SUM('월별 계좌 성과'!E4:E17)+SUM('월별 계좌 성과'!F4:F17)),0) -> 0
A5: 미래에셋 | B5: 해외 | C5: 일반 주식계좌 | D5: 미래에셋-해외 | E5: USD | H5: =IFERROR(G5-F5,0) -> 0 | I5: =IFERROR(H5/F5,0) -> 0 | J5: =IFERROR(G5/SUM($G$4:$G$17),0) -> 0 | P5: 46327 | Q5: =SUM('월별 계좌 성과'!I18:I31) -> 0 | R5: =IFERROR(SUM('월별 계좌 성과'!J18:J31)/(SUM('월별 계좌 성과'!E18:E31)+SUM('월별 계좌 성과'!F18:F31)),0) -> 0
A6: KB | B6: 국내 | C6: 일반 주식계좌 | D6: KB-국내 | E6: KRW | H6: =IFERROR(G6-F6,0) -> 0 | I6: =IFERROR(H6/F6,0) -> 0 | J6: =IFERROR(G6/SUM($G$4:$G$17),0) -> 0 | P6: 46357 | Q6: =SUM('월별 계좌 성과'!I32:I45) -> 0 | R6: =IFERROR(SUM('월별 계좌 성과'!J32:J45)/(SUM('월별 계좌 성과'!E32:E45)+SUM('월별 계좌 성과'!F32:F45)),0) -> 0
A7: KB | B7: 해외 | C7: 일반 주식계좌 | D7: KB-해외 | E7: USD | H7: =IFERROR(G7-F7,0) -> 0 | I7: =IFERROR(H7/F7,0) -> 0 | J7: =IFERROR(G7/SUM($G$4:$G$17),0) -> 0 | P7: 46388 | Q7: =SUM('월별 계좌 성과'!I46:I59) -> 0 | R7: =IFERROR(SUM('월별 계좌 성과'!J46:J59)/(SUM('월별 계좌 성과'!E46:E59)+SUM('월별 계좌 성과'!F46:F59)),0) -> 0
A8: 삼성 | B8: 국내 | C8: 일반 주식계좌 | D8: 삼성-국내 | E8: KRW | H8: =IFERROR(G8-F8,0) -> 0 | I8: =IFERROR(H8/F8,0) -> 0 | J8: =IFERROR(G8/SUM($G$4:$G$17),0) -> 0 | P8: 46419 | Q8: =SUM('월별 계좌 성과'!I60:I73) -> 0 | R8: =IFERROR(SUM('월별 계좌 성과'!J60:J73)/(SUM('월별 계좌 성과'!E60:E73)+SUM('월별 계좌 성과'!F60:F73)),0) -> 0
A9: 삼성 | B9: 해외 | C9: 일반 주식계좌 | D9: 삼성-해외 | E9: USD | H9: =IFERROR(G9-F9,0) -> 0 | I9: =IFERROR(H9/F9,0) -> 0 | J9: =IFERROR(G9/SUM($G$4:$G$17),0) -> 0 | P9: 46447 | Q9: =SUM('월별 계좌 성과'!I74:I87) -> 0 | R9: =IFERROR(SUM('월별 계좌 성과'!J74:J87)/(SUM('월별 계좌 성과'!E74:E87)+SUM('월별 계좌 성과'!F74:F87)),0) -> 0
A10: NH | B10: 국내 | C10: 일반 주식계좌 | D10: NH-국내 | E10: KRW | H10: =IFERROR(G10-F10,0) -> 0 | I10: =IFERROR(H10/F10,0) -> 0 | J10: =IFERROR(G10/SUM($G$4:$G$17),0) -> 0 | P10: 46478 | Q10: =SUM('월별 계좌 성과'!I88:I101) -> 0 | R10: =IFERROR(SUM('월별 계좌 성과'!J88:J101)/(SUM('월별 계좌 성과'!E88:E101)+SUM('월별 계좌 성과'!F88:F101)),0) -> 0
A11: NH | B11: 해외 | C11: 일반 주식계좌 | D11: NH-해외 | E11: USD | H11: =IFERROR(G11-F11,0) -> 0 | I11: =IFERROR(H11/F11,0) -> 0 | J11: =IFERROR(G11/SUM($G$4:$G$17),0) -> 0 | P11: 46508 | Q11: =SUM('월별 계좌 성과'!I102:I115) -> 0 | R11: =IFERROR(SUM('월별 계좌 성과'!J102:J115)/(SUM('월별 계좌 성과'!E102:E115)+SUM('월별 계좌 성과'!F102:F115)),0) -> 0
A12: 키움 | B12: 국내 | C12: 일반 주식계좌 | D12: 키움-국내 | E12: KRW | H12: =IFERROR(G12-F12,0) -> 0 | I12: =IFERROR(H12/F12,0) -> 0 | J12: =IFERROR(G12/SUM($G$4:$G$17),0) -> 0 | P12: 46539 | Q12: =SUM('월별 계좌 성과'!I116:I129) -> 0 | R12: =IFERROR(SUM('월별 계좌 성과'!J116:J129)/(SUM('월별 계좌 성과'!E116:E129)+SUM('월별 계좌 성과'!F116:F129)),0) -> 0
A13: 키움 | B13: 해외 | C13: 일반 주식계좌 | D13: 키움-해외 | E13: USD | H13: =IFERROR(G13-F13,0) -> 0 | I13: =IFERROR(H13/F13,0) -> 0 | J13: =IFERROR(G13/SUM($G$4:$G$17),0) -> 0 | P13: 46569 | Q13: =SUM('월별 계좌 성과'!I130:I143) -> 0 | R13: =IFERROR(SUM('월별 계좌 성과'!J130:J143)/(SUM('월별 계좌 성과'!E130:E143)+SUM('월별 계좌 성과'!F130:F143)),0) -> 0
A14: 대신 | B14: 국내 | C14: 일반 주식계좌 | D14: 대신-국내 | E14: KRW | H14: =IFERROR(G14-F14,0) -> 0 | I14: =IFERROR(H14/F14,0) -> 0 | J14: =IFERROR(G14/SUM($G$4:$G$17),0) -> 0 | P14: 46600 | Q14: =SUM('월별 계좌 성과'!I144:I157) -> 0 | R14: =IFERROR(SUM('월별 계좌 성과'!J144:J157)/(SUM('월별 계좌 성과'!E144:E157)+SUM('월별 계좌 성과'!F144:F157)),0) -> 0
A15: 대신 | B15: 해외 | C15: 일반 주식계좌 | D15: 대신-해외 | E15: USD | H15: =IFERROR(G15-F15,0) -> 0 | I15: =IFERROR(H15/F15,0) -> 0 | J15: =IFERROR(G15/SUM($G$4:$G$17),0) -> 0 | P15: 46631 | Q15: =SUM('월별 계좌 성과'!I158:I171) -> 0 | R15: =IFERROR(SUM('월별 계좌 성과'!J158:J171)/(SUM('월별 계좌 성과'!E158:E171)+SUM('월별 계좌 성과'!F158:F171)),0) -> 0
A16: SK | B16: 국내 | C16: 일반 주식계좌 | D16: SK-국내 | E16: KRW | H16: =IFERROR(G16-F16,0) -> 0 | I16: =IFERROR(H16/F16,0) -> 0 | J16: =IFERROR(G16/SUM($G$4:$G$17),0) -> 0 | P16: 46661 | Q16: =SUM('월별 계좌 성과'!I172:I185) -> 0 | R16: =IFERROR(SUM('월별 계좌 성과'!J172:J185)/(SUM('월별 계좌 성과'!E172:E185)+SUM('월별 계좌 성과'!F172:F185)),0) -> 0
A17: SK | B17: 해외 | C17: 일반 주식계좌 | D17: SK-해외 | E17: USD | H17: =IFERROR(G17-F17,0) -> 0 | I17: =IFERROR(H17/F17,0) -> 0 | J17: =IFERROR(G17/SUM($G$4:$G$17),0) -> 0 | P17: 46692 | Q17: =SUM('월별 계좌 성과'!I186:I199) -> 0 | R17: =IFERROR(SUM('월별 계좌 성과'!J186:J199)/(SUM('월별 계좌 성과'!E186:E199)+SUM('월별 계좌 성과'!F186:F199)),0) -> 0
A18: 합계 | F18: =SUM(F4:F17) -> 0 | G18: =SUM(G4:G17) -> 0 | H18: =SUM(H4:H17) -> 0 | I18: =IFERROR(H18/F18,0) -> 0 | J18: =SUM(J4:J17) -> 0 | K18: =SUM(K4:K17) -> 0 | L18: =SUM(L4:L17) -> 0 | M18: =SUM(M4:M17) -> 0 | P18: 46722 | Q18: =SUM('월별 계좌 성과'!I200:I213) -> 0 | R18: =IFERROR(SUM('월별 계좌 성과'!J200:J213)/(SUM('월별 계좌 성과'!E200:E213)+SUM('월별 계좌 성과'!F200:F213)),0) -> 0
A21: 시장별 성과 요약
A22: 구분 | B22: 평가금 | C22: 평가손익 | D22: 수익률
A23: 국내 | B23: =SUMIF(B4:B17,A23,G4:G17) -> 0 | C23: =SUMIF(B4:B17,A23,H4:H17) -> 0 | D23: =IFERROR(C23/SUMIF(B4:B17,A23,F4:F17),0) -> 0
A24: 해외 | B24: =SUMIF(B4:B17,A24,G4:G17) -> 0 | C24: =SUMIF(B4:B17,A24,H4:H17) -> 0 | D24: =IFERROR(C24/SUMIF(B4:B17,A24,F4:F17),0) -> 0

Sheet 월별 계좌 성과
A1: 월별 계좌 성과 입력 및 비교 (2026년 10월 시작)
A3: 기준월 | B3: 증권사 | C3: 시장 | D3: 계좌별칭 | E3: 월초평가금 | F3: 입금 | G3: 출금 | H3: 배당금 | I3: 월말평가금 | J3: 월수익금 | K3: 월수익률 | L3: 전월대비 증감 | M3: 누적수익률 | N3: 메모
A4: 46296 | B4: 미래에셋 | C4: 국내 | D4: 미래에셋-국내 | J4: =IFERROR(I4-E4-F4+G4+H4,0) -> 0 | K4: =IFERROR(J4/(E4+F4),0) -> 0 | L4: =IFERROR(K4-SUMIFS($K$4:K4,$B$4:B4,B4,$C$4:C4,C4,$A$4:A4,EDATE(A4,-1)),K4) -> 0 | M4: =IFERROR((I4+SUMIFS($G$4:G4,$B$4:B4,B4,$C$4:C4,C4,$A$4:A4,"<="&A4)+SUMIFS($H$4:H4,$B$4:B4,B4,$C$4:C4,C4,$A$4:A4,"<="&A4)-SUMIFS($F$4:F4,$B$4:B4,B4,$C$4:C4,C4,$A$4:A4,"<="&A4))/SUMIFS($F$4:F4,$B$4:B4,B4,$C$4:C4,C4,$A$4:A4,"<="&A4),0) -> 0
A5: 46296 | B5: 미래에셋 | C5: 해외 | D5: 미래에셋-해외 | J5: =IFERROR(I5-E5-F5+G5+H5,0) -> 0 | K5: =IFERROR(J5/(E5+F5),0) -> 0 | L5: =IFERROR(K5-SUMIFS($K$4:K5,$B$4:B5,B5,$C$4:C5,C5,$A$4:A5,EDATE(A5,-1)),K5) -> 0 | M5: =IFERROR((I5+SUMIFS($G$4:G5,$B$4:B5,B5,$C$4:C5,C5,$A$4:A5,"<="&A5)+SUMIFS($H$4:H5,$B$4:B5,B5,$C$4:C5,C5,$A$4:A5,"<="&A5)-SUMIFS($F$4:F5,$B$4:B5,B5,$C$4:C5,C5,$A$4:A5,"<="&A5))/SUMIFS($F$4:F5,$B$4:B5,B5,$C$4:C5,C5,$A$4:A5,"<="&A5),0) -> 0
A6: 46296 | B6: KB | C6: 국내 | D6: KB-국내 | J6: =IFERROR(I6-E6-F6+G6+H6,0) -> 0 | K6: =IFERROR(J6/(E6+F6),0) -> 0 | L6: =IFERROR(K6-SUMIFS($K$4:K6,$B$4:B6,B6,$C$4:C6,C6,$A$4:A6,EDATE(A6,-1)),K6) -> 0 | M6: =IFERROR((I6+SUMIFS($G$4:G6,$B$4:B6,B6,$C$4:C6,C6,$A$4:A6,"<="&A6)+SUMIFS($H$4:H6,$B$4:B6,B6,$C$4:C6,C6,$A$4:A6,"<="&A6)-SUMIFS($F$4:F6,$B$4:B6,B6,$C$4:C6,C6,$A$4:A6,"<="&A6))/SUMIFS($F$4:F6,$B$4:B6,B6,$C$4:C6,C6,$A$4:A6,"<="&A6),0) -> 0
A7: 46296 | B7: KB | C7: 해외 | D7: KB-해외 | J7: =IFERROR(I7-E7-F7+G7+H7,0) -> 0 | K7: =IFERROR(J7/(E7+F7),0) -> 0 | L7: =IFERROR(K7-SUMIFS($K$4:K7,$B$4:B7,B7,$C$4:C7,C7,$A$4:A7,EDATE(A7,-1)),K7) -> 0 | M7: =IFERROR((I7+SUMIFS($G$4:G7,$B$4:B7,B7,$C$4:C7,C7,$A$4:A7,"<="&A7)+SUMIFS($H$4:H7,$B$4:B7,B7,$C$4:C7,C7,$A$4:A7,"<="&A7)-SUMIFS($F$4:F7,$B$4:B7,B7,$C$4:C7,C7,$A$4:A7,"<="&A7))/SUMIFS($F$4:F7,$B$4:B7,B7,$C$4:C7,C7,$A$4:A7,"<="&A7),0) -> 0
A8: 46296 | B8: 삼성 | C8: 국내 | D8: 삼성-국내 | J8: =IFERROR(I8-E8-F8+G8+H8,0) -> 0 | K8: =IFERROR(J8/(E8+F8),0) -> 0 | L8: =IFERROR(K8-SUMIFS($K$4:K8,$B$4:B8,B8,$C$4:C8,C8,$A$4:A8,EDATE(A8,-1)),K8) -> 0 | M8: =IFERROR((I8+SUMIFS($G$4:G8,$B$4:B8,B8,$C$4:C8,C8,$A$4:A8,"<="&A8)+SUMIFS($H$4:H8,$B$4:B8,B8,$C$4:C8,C8,$A$4:A8,"<="&A8)-SUMIFS($F$4:F8,$B$4:B8,B8,$C$4:C8,C8,$A$4:A8,"<="&A8))/SUMIFS($F$4:F8,$B$4:B8,B8,$C$4:C8,C8,$A$4:A8,"<="&A8),0) -> 0
A9: 46296 | B9: 삼성 | C9: 해외 | D9: 삼성-해외 | J9: =IFERROR(I9-E9-F9+G9+H9,0) -> 0 | K9: =IFERROR(J9/(E9+F9),0) -> 0 | L9: =IFERROR(K9-SUMIFS($K$4:K9,$B$4:B9,B9,$C$4:C9,C9,$A$4:A9,EDATE(A9,-1)),K9) -> 0 | M9: =IFERROR((I9+SUMIFS($G$4:G9,$B$4:B9,B9,$C$4:C9,C9,$A$4:A9,"<="&A9)+SUMIFS($H$4:H9,$B$4:B9,B9,$C$4:C9,C9,$A$4:A9,"<="&A9)-SUMIFS($F$4:F9,$B$4:B9,B9,$C$4:C9,C9,$A$4:A9,"<="&A9))/SUMIFS($F$4:F9,$B$4:B9,B9,$C$4:C9,C9,$A$4:A9,"<="&A9),0) -> 0
A10: 46296 | B10: NH | C10: 국내 | D10: NH-국내 | J10: =IFERROR(I10-E10-F10+G10+H10,0) -> 0 | K10: =IFERROR(J10/(E10+F10),0) -> 0 | L10: =IFERROR(K10-SUMIFS($K$4:K10,$B$4:B10,B10,$C$4:C10,C10,$A$4:A10,EDATE(A10,-1)),K10) -> 0 | M10: =IFERROR((I10+SUMIFS($G$4:G10,$B$4:B10,B10,$C$4:C10,C10,$A$4:A10,"<="&A10)+SUMIFS($H$4:H10,$B$4:B10,B10,$C$4:C10,C10,$A$4:A10,"<="&A10)-SUMIFS($F$4:F10,$B$4:B10,B10,$C$4:C10,C10,$A$4:A10,"<="&A10))/SUMIFS($F$4:F10,$B$4:B10,B10,$C$4:C10,C10,$A$4:A10,"<="&A10),0) -> 0
A11: 46296 | B11: NH | C11: 해외 | D11: NH-해외 | J11: =IFERROR(I11-E11-F11+G11+H11,0) -> 0 | K11: =IFERROR(J11/(E11+F11),0) -> 0 | L11: =IFERROR(K11-SUMIFS($K$4:K11,$B$4:B11,B11,$C$4:C11,C11,$A$4:A11,EDATE(A11,-1)),K11) -> 0 | M11: =IFERROR((I11+SUMIFS($G$4:G11,$B$4:B11,B11,$C$4:C11,C11,$A$4:A11,"<="&A11)+SUMIFS($H$4:H11,$B$4:B11,B11,$C$4:C11,C11,$A$4:A11,"<="&A11)-SUMIFS($F$4:F11,$B$4:B11,B11,$C$4:C11,C11,$A$4:A11,"<="&A11))/SUMIFS($F$4:F11,$B$4:B11,B11,$C$4:C11,C11,$A$4:A11,"<="&A11),0) -> 0
A12: 46296 | B12: 키움 | C12: 국내 | D12: 키움-국내 | J12: =IFERROR(I12-E12-F12+G12+H12,0) -> 0 | K12: =IFERROR(J12/(E12+F12),0) -> 0 | L12: =IFERROR(K12-SUMIFS($K$4:K12,$B$4:B12,B12,$C$4:C12,C12,$A$4:A12,EDATE(A12,-1)),K12) -> 0 | M12: =IFERROR((I12+SUMIFS($G$4:G12,$B$4:B12,B12,$C$4:C12,C12,$A$4:A12,"<="&A12)+SUMIFS($H$4:H12,$B$4:B12,B12,$C$4:C12,C12,$A$4:A12,"<="&A12)-SUMIFS($F$4:F12,$B$4:B12,B12,$C$4:C12,C12,$A$4:A12,"<="&A12))/SUMIFS($F$4:F12,$B$4:B12,B12,$C$4:C12,C12,$A$4:A12,"<="&A12),0) -> 0
A13: 46296 | B13: 키움 | C13: 해외 | D13: 키움-해외 | J13: =IFERROR(I13-E13-F13+G13+H13,0) -> 0 | K13: =IFERROR(J13/(E13+F13),0) -> 0 | L13: =IFERROR(K13-SUMIFS($K$4:K13,$B$4:B13,B13,$C$4:C13,C13,$A$4:A13,EDATE(A13,-1)),K13) -> 0 | M13: =IFERROR((I13+SUMIFS($G$4:G13,$B$4:B13,B13,$C$4:C13,C13,$A$4:A13,"<="&A13)+SUMIFS($H$4:H13,$B$4:B13,B13,$C$4:C13,C13,$A$4:A13,"<="&A13)-SUMIFS($F$4:F13,$B$4:B13,B13,$C$4:C13,C13,$A$4:A13,"<="&A13))/SUMIFS($F$4:F13,$B$4:B13,B13,$C$4:C13,C13,$A$4:A13,"<="&A13),0) -> 0
A14: 46296 | B14: 대신 | C14: 국내 | D14: 대신-국내 | J14: =IFERROR(I14-E14-F14+G14+H14,0) -> 0 | K14: =IFERROR(J14/(E14+F14),0) -> 0 | L14: =IFERROR(K14-SUMIFS($K$4:K14,$B$4:B14,B14,$C$4:C14,C14,$A$4:A14,EDATE(A14,-1)),K14) -> 0 | M14: =IFERROR((I14+SUMIFS($G$4:G14,$B$4:B14,B14,$C$4:C14,C14,$A$4:A14,"<="&A14)+SUMIFS($H$4:H14,$B$4:B14,B14,$C$4:C14,C14,$A$4:A14,"<="&A14)-SUMIFS($F$4:F14,$B$4:B14,B14,$C$4:C14,C14,$A$4:A14,"<="&A14))/SUMIFS($F$4:F14,$B$4:B14,B14,$C$4:C14,C14,$A$4:A14,"<="&A14),0) -> 0
A15: 46296 | B15: 대신 | C15: 해외 | D15: 대신-해외 | J15: =IFERROR(I15-E15-F15+G15+H15,0) -> 0 | K15: =IFERROR(J15/(E15+F15),0) -> 0 | L15: =IFERROR(K15-SUMIFS($K$4:K15,$B$4:B15,B15,$C$4:C15,C15,$A$4:A15,EDATE(A15,-1)),K15) -> 0 | M15: =IFERROR((I15+SUMIFS($G$4:G15,$B$4:B15,B15,$C$4:C15,C15,$A$4:A15,"<="&A15)+SUMIFS($H$4:H15,$B$4:B15,B15,$C$4:C15,C15,$A$4:A15,"<="&A15)-SUMIFS($F$4:F15,$B$4:B15,B15,$C$4:C15,C15,$A$4:A15,"<="&A15))/SUMIFS($F$4:F15,$B$4:B15,B15,$C$4:C15,C15,$A$4:A15,"<="&A15),0) -> 0
... A381: 47088 | B381: SK | C381: 해외 | D381: SK-해외 | J381: =IFERROR(I381-E381-F381+G381+H381,0) -> 0 | K381: =IFERROR(J381/(E381+F381),0) -> 0 | L381: =IFERROR(K381-SUMIFS($K$4:K381,$B$4:B381,B381,$C$4:C381,C381,$A$4:A381,EDATE(A381,-1)),K381) -> 0 | M381: =IFERROR((I381+SUMIFS($G$4:G381,$B$4:B381,B381,$C$4:C381,C381,$A$4:A381,"<="&A381)+SUMIFS($H$4:H381,$B$4:B381,B381,$C$4:C381,C381,$A$4:A381,"<="&A381)-SUMIFS($F$4:F381,$B$4:B381,B381,$C$4:C381,C381,$A$4:A381,"<="&A381))/SUMIFS($F$4:F381,$B$4:B381,B381,$C$4:C381,C381,$A$4:A381,"<="&A381),0) -> 0

Sheet 종목별 보유현황
A1: 세부 종목 보유현황
A3: 증권사 | B3: 시장 | C3: 계좌별칭 | D3: 통화 | E3: 종목코드 | F3: 종목명 | G3: 수량 | H3: 평균매입가 | I3: 투자원금 | J3: 현재가 | K3: 평가금 | L3: 평가손익 | M3: 수익률 | N3: 월초가 | O3: 월말가 | P3: 월 주가수익률
A4: 삼성 | B4: 국내 | C4: 삼성-국내 | D4: KRW | E4: 005930 | F4: 삼성전자 | G4: 100 | I4: =IFERROR(G4*H4,0) -> 0 | K4: =IFERROR(G4*J4,0) -> 0 | L4: =IFERROR(K4-I4,0) -> 0 | M4: =IFERROR(L4/I4,0) -> 0 | P4: =IFERROR(O4/N4-1,0) -> 0
A5: 삼성 | B5: 국내 | C5: 삼성-국내 | D5: KRW | E5: 000660 | F5: SK하이닉스 | G5: 100 | I5: =IFERROR(G5*H5,0) -> 0 | K5: =IFERROR(G5*J5,0) -> 0 | L5: =IFERROR(K5-I5,0) -> 0 | M5: =IFERROR(L5/I5,0) -> 0 | P5: =IFERROR(O5/N5-1,0) -> 0
I6: =IFERROR(G6*H6,0) -> 0 | K6: =IFERROR(G6*J6,0) -> 0 | L6: =IFERROR(K6-I6,0) -> 0 | M6: =IFERROR(L6/I6,0) -> 0 | P6: =IFERROR(O6/N6-1,0) -> 0
I7: =IFERROR(G7*H7,0) -> 0 | K7: =IFERROR(G7*J7,0) -> 0 | L7: =IFERROR(K7-I7,0) -> 0 | M7: =IFERROR(L7/I7,0) -> 0 | P7: =IFERROR(O7/N7-1,0) -> 0
I8: =IFERROR(G8*H8,0) -> 0 | K8: =IFERROR(G8*J8,0) -> 0 | L8: =IFERROR(K8-I8,0) -> 0 | M8: =IFERROR(L8/I8,0) -> 0 | P8: =IFERROR(O8/N8-1,0) -> 0
I9: =IFERROR(G9*H9,0) -> 0 | K9: =IFERROR(G9*J9,0) -> 0 | L9: =IFERROR(K9-I9,0) -> 0 | M9: =IFERROR(L9/I9,0) -> 0 | P9: =IFERROR(O9/N9-1,0) -> 0
I10: =IFERROR(G10*H10,0) -> 0 | K10: =IFERROR(G10*J10,0) -> 0 | L10: =IFERROR(K10-I10,0) -> 0 | M10: =IFERROR(L10/I10,0) -> 0 | P10: =IFERROR(O10/N10-1,0) -> 0
I11: =IFERROR(G11*H11,0) -> 0 | K11: =IFERROR(G11*J11,0) -> 0 | L11: =IFERROR(K11-I11,0) -> 0 | M11: =IFERROR(L11/I11,0) -> 0 | P11: =IFERROR(O11/N11-1,0) -> 0
I12: =IFERROR(G12*H12,0) -> 0 | K12: =IFERROR(G12*J12,0) -> 0 | L12: =IFERROR(K12-I12,0) -> 0 | M12: =IFERROR(L12/I12,0) -> 0 | P12: =IFERROR(O12/N12-1,0) -> 0
I13: =IFERROR(G13*H13,0) -> 0 | K13: =IFERROR(G13*J13,0) -> 0 | L13: =IFERROR(K13-I13,0) -> 0 | M13: =IFERROR(L13/I13,0) -> 0 | P13: =IFERROR(O13/N13-1,0) -> 0
I14: =IFERROR(G14*H14,0) -> 0 | K14: =IFERROR(G14*J14,0) -> 0 | L14: =IFERROR(K14-I14,0) -> 0 | M14: =IFERROR(L14/I14,0) -> 0 | P14: =IFERROR(O14/N14-1,0) -> 0
I15: =IFERROR(G15*H15,0) -> 0 | K15: =IFERROR(G15*J15,0) -> 0 | L15: =IFERROR(K15-I15,0) -> 0 | M15: =IFERROR(L15/I15,0) -> 0 | P15: =IFERROR(O15/N15-1,0) -> 0
I16: =IFERROR(G16*H16,0) -> 0 | K16: =IFERROR(G16*J16,0) -> 0 | L16: =IFERROR(K16-I16,0) -> 0 | M16: =IFERROR(L16/I16,0) -> 0 | P16: =IFERROR(O16/N16-1,0) -> 0
I17: =IFERROR(G17*H17,0) -> 0 | K17: =IFERROR(G17*J17,0) -> 0 | L17: =IFERROR(K17-I17,0) -> 0 | M17: =IFERROR(L17/I17,0) -> 0 | P17: =IFERROR(O17/N17-1,0) -> 0
... I103: =IFERROR(G103*H103,0) -> 0 | K103: =IFERROR(G103*J103,0) -> 0 | L103: =IFERROR(K103-I103,0) -> 0 | M103: =IFERROR(L103/I103,0) -> 0 | P103: =IFERROR(O103/N103-1,0) -> 0

Sheet 설정
A1: 증권사 | B1: 계좌구분 | C1: 시장구분 | D1: 통화 | F1: 사용 안내
A2: 미래에셋 | B2: 일반 주식계좌 | C2: 국내 | D2: KRW | F2: ① 설정 목록은 자유롭게 추가/수정
A3: KB | B3: ISA | C3: 해외 | D3: USD | F3: ② 월별 계좌 성과는 2026-10부터 월말 기준 입력
A4: 삼성 | B4: 연금저축 | D4: JPY | F4: ③ 입금/출금은 투자성과와 분리
A5: NH | B5: IRP | D5: EUR | F5: ④ 해외계좌는 원화 환산 평가금 기준
A6: 키움 | B6: CMA | D6: CNY
A7: 대신 | B7: 위탁계좌 | D7: 기타
A8: SK | B8: 기타
A9: 기타
